<?xml version="1.0" encoding="UTF-8"?>
<web-app xmlns="http://java.sun.com/xml/ns/javaee"
         xmlns:xsi="http://www.w3.org/2001/XMLSchema-instance"
         xsi:schemaLocation="http://java.sun.com/xml/ns/javaee http://java.sun.com/xml/ns/javaee/web-app_3_0.xsd"
         version="3.0">

    <!-- Web Client parameters -->

    <context-param>
        <description>List of app properties files for Web Client</description>
        <param-name>appPropertiesConfigWeb</param-name>
        <param-value>
            classpath:com/rtcab/cemds/web-app.properties
            /WEB-INF/local.app.properties
        </param-value>
    </context-param>
    

    <!-- Middleware parameters -->

    <context-param>
        <description>List of app properties files for Middleware</description>
        <param-name>appPropertiesConfigCore</param-name>
        <param-value>
            classpath:com/rtcab/cemds/app.properties
            /WEB-INF/local.app.properties
        </param-value>
    </context-param>
    <!--Application components-->
    <context-param>
        <param-name>appComponents</param-name>
        <param-value>com.haulmont.cuba</param-value>
    </context-param>

    <!-- Servlet context listeners that load the application blocks -->
    
    <listener>
        <listener-class>com.haulmont.cuba.core.sys.singleapp.SingleAppCoreServletListener</listener-class>
    </listener>
    <listener>
        <listener-class>com.haulmont.cuba.web.sys.singleapp.SingleAppWebServletListener</listener-class>
    </listener>
</web-app>